"x","y","vx","vy","t"
-6.72738833333333,47.5372633333333,8.49636915399773,13.083261179876,0
-6.00754333333333,48.335855,13.8991228809666,4.78585180842301,13842
